ID,PRODUCTO,DIRECCION,LOCALIDAD,RECIBE
1,Sillon,04613 superior road,Sarandi,Sheba
9,Mesa,6614 porter circle,Sarandi,Anallese
13,Televisor,9 sundown junction,Sarandi,Hubert
14,Televisor,8061 pepper wood alley,Sarandi,Pattin
21,Lavarropas,6 michigan court,Sarandi,Olive
38,Silla,334 crowley center,Sarandi,Garik
41,Plancha,3682 mayfield point,Sarandi,Wanda
53,Cocina,293 susan hill,Sarandi,Granger
57,Televisor,1 spohn way,Sarandi,Edyth
63,Silla,62 towne way,Sarandi,Rey
74,Secarropas,927 red cloud terrace,Sarandi,Nealy
80,Cocina,5 rieder street,Sarandi,Roana
84,Mesa,16 dovetail center,Sarandi,Lina
95,Silla,65 lakewood gardens trail,Sarandi,Alphard
100,Silla,9039 kenwood pass,Sarandi,Vi
101,Lavarropas,35 schmedeman court,Sarandi,Querida
108,Mesa,6 maywood avenue,Sarandi,Witty
114,Secarropas,7 hazelcrest way,Sarandi,Wainwright
123,Mesa,4946 trailsway plaza,Sarandi,Jodi
127,Plancha,5 cardinal crossing,Sarandi,Collen
133,Lavarropas,76 spohn circle,Sarandi,Brita
139,Plancha,68 bunker hill street,Sarandi,Casandra
140,Silla,59601 paget center,Sarandi,Rosa
143,Silla,81718 lunder drive,Sarandi,Ives
148,Pava,7311 clove alley,Sarandi,Huntley
168,Secarropas,9 blaine parkway,Sarandi,Antons
174,Televisor,96182 harbort way,Sarandi,Loretta
180,Cocina,72976 chinook way,Sarandi,Cherin
185,Pava,1686 arrowood point,Sarandi,Lynn
194,Cocina,86263 jana center,Sarandi,Winfield
199,Pava,823 carioca lane,Sarandi,Alexandro
200,Sillon,9 fisk drive,Sarandi,Amery
205,Mesa,487 gerald crossing,Sarandi,Felicity
220,Secarropas,651 sauthoff park,Sarandi,Justina
222,Pava,0 darwin plaza,Sarandi,Rube
230,Plancha,91 talmadge street,Sarandi,Desirae
258,Secarropas,6383 old shore lane,Sarandi,Lauree
259,Mesa,334 darwin parkway,Sarandi,Drucill
260,Aire acondicionado,2 moose drive,Sarandi,Morissa
263,Aire acondicionado,7252 thackeray trail,Sarandi,Marja
269,Plancha,56261 arkansas plaza,Sarandi,Findley
270,Pava,0 hayes parkway,Sarandi,Lelia
271,Sillon,58 montana way,Sarandi,Conant
273,Silla,2928 marquette street,Sarandi,Merline
274,Cocina,20956 shasta circle,Sarandi,Darci
286,Plancha,2719 spenser place,Sarandi,Franklin
288,Lavarropas,2881 cordelia terrace,Sarandi,Radcliffe
291,Plancha,087 maryland lane,Sarandi,Zorana
292,Pava,7 hoepker point,Sarandi,Muffin
303,Silla,9 melody drive,Sarandi,Sheryl
311,Sillon,23383 dunning court,Sarandi,Lesya
319,Silla,75 international avenue,Sarandi,Jessie
323,Sillon,9999 buell place,Sarandi,Dill
329,Cocina,835 victoria place,Sarandi,Eldon
333,Cocina,04 towne park,Sarandi,Tildi
336,Mesa,9988 westport crossing,Sarandi,Annie
338,Plancha,3057 arapahoe place,Sarandi,Charmine
341,Lavarropas,74 menomonie junction,Sarandi,Padgett
349,Plancha,0243 upham park,Sarandi,Cletus
359,Lavarropas,71 heffernan way,Sarandi,Loy
360,Cocina,4 golf view trail,Sarandi,Currie
362,Pava,20 shoshone avenue,Sarandi,Jean
369,Cocina,6900 tony parkway,Sarandi,Anselm
374,Mesa,9 esker trail,Sarandi,Guthry
379,Plancha,031 jana drive,Sarandi,Malorie
383,Secarropas,1 blackbird court,Sarandi,Lisbeth
385,Plancha,8 killdeer park,Sarandi,Nobe
389,Pava,495 lerdahl point,Sarandi,Marice
391,Pava,922 continental alley,Sarandi,Aymer
398,Plancha,138 charing cross street,Sarandi,Robinet
407,Sillon,88 utah avenue,Sarandi,Hedvig
409,Cocina,84 crescent oaks street,Sarandi,Ilyse
413,Mesa,79 gale place,Sarandi,Kiel
416,Aire acondicionado,6 glacier hill hill,Sarandi,Odilia
420,Pava,78 tennyson point,Sarandi,Denny
432,Aire acondicionado,30681 susan way,Sarandi,Leonanie
438,Televisor,4741 kropf center,Sarandi,Dallas
439,Pava,67843 springview plaza,Sarandi,Casey
440,Cocina,25 hanover junction,Sarandi,Monique
442,Pava,9712 northridge place,Sarandi,Anna-diana
447,Secarropas,11277 school lane,Sarandi,Seward
451,Televisor,48369 carey hill,Sarandi,Sheeree
467,Lavarropas,67 grayhawk point,Sarandi,Joli
469,Cocina,3958 tennyson plaza,Sarandi,Gene
476,Plancha,661 cardinal parkway,Sarandi,Damara
481,Cocina,5 jana avenue,Sarandi,Niki
482,Aire acondicionado,48887 lien center,Sarandi,Feliza
483,Secarropas,5402 nobel alley,Sarandi,Ludwig
494,Sillon,51956 mendota junction,Sarandi,Adriena
503,Pava,59 arkansas park,Sarandi,Katalin
518,Cocina,6679 memorial terrace,Sarandi,Galven
521,Aire acondicionado,5954 fairfield hill,Sarandi,Chickie
522,Lavarropas,5242 nova parkway,Sarandi,Bartolemo
528,Plancha,7000 anderson plaza,Sarandi,Alyosha
529,Lavarropas,34 luster parkway,Sarandi,Elden
553,Pava,2495 veith road,Sarandi,Shanda
554,Secarropas,33 loeprich park,Sarandi,Sabra
566,Pava,87 hansons circle,Sarandi,Fredia
568,Sillon,46 vernon pass,Sarandi,Patrizius
575,Secarropas,2 stang road,Sarandi,Eliza
580,Cocina,6 anniversary junction,Sarandi,Kristine
582,Cocina,625 burning wood avenue,Sarandi,Franchot
596,Secarropas,904 lien crossing,Sarandi,Marven
599,Plancha,3315 5th park,Sarandi,Krystyna
603,Televisor,5810 porter park,Sarandi,Fernando
611,Mesa,619 cottonwood parkway,Sarandi,Hillary
615,Televisor,09078 meadow ridge parkway,Sarandi,Kimmy
621,Plancha,3227 fulton street,Sarandi,Wheeler
623,Lavarropas,690 northview alley,Sarandi,Tabitha
630,Secarropas,085 esch junction,Sarandi,Shandee
637,Televisor,53279 ridgeway street,Sarandi,Jessa
638,Mesa,6964 banding junction,Sarandi,Zachary
640,Silla,6509 schmedeman plaza,Sarandi,Katrinka
645,Silla,6459 mayer road,Sarandi,Dacey
647,Televisor,1 melvin pass,Sarandi,Alica
648,Pava,45166 warrior point,Sarandi,Clevie
655,Sillon,4131 ronald regan circle,Sarandi,Alli
656,Pava,89 manley trail,Sarandi,Munroe
658,Plancha,5397 washington place,Sarandi,Johannes
659,Plancha,18815 village circle,Sarandi,Camala
671,Sillon,6753 barnett lane,Sarandi,Loleta
676,Aire acondicionado,407 burrows hill,Sarandi,Christiano
679,Secarropas,124 lawn circle,Sarandi,Lyle
681,Plancha,73096 shasta plaza,Sarandi,Virginie
688,Mesa,2475 straubel hill,Sarandi,Ursuline
694,Sillon,4 gerald plaza,Sarandi,Coreen
696,Pava,8237 jenifer parkway,Sarandi,Tracy
698,Pava,74 elmside way,Sarandi,Morly
705,Aire acondicionado,458 lerdahl court,Sarandi,Cally
708,Secarropas,9 hagan parkway,Sarandi,Klarrisa
715,Sillon,11380 spohn way,Sarandi,Alphonse
717,Silla,82691 beilfuss plaza,Sarandi,Krysta
719,Lavarropas,52 grasskamp circle,Sarandi,Siusan
722,Cocina,58170 londonderry avenue,Sarandi,Cammy
725,Secarropas,33 forest court,Sarandi,Bibby
732,Televisor,15859 independence avenue,Sarandi,Mel
733,Cocina,598 mitchell alley,Sarandi,Mirabel
734,Sillon,53 evergreen pass,Sarandi,Sergei
737,Silla,36156 fuller trail,Sarandi,Boyce
744,Plancha,0 division trail,Sarandi,Tobi
758,Lavarropas,5 mariners cove street,Sarandi,Harv
759,Aire acondicionado,39901 new castle circle,Sarandi,Idaline
766,Lavarropas,3501 upham terrace,Sarandi,Janine
770,Cocina,68 toban point,Sarandi,Jourdain
775,Pava,71 texas road,Sarandi,Slade
781,Silla,1 petterle parkway,Sarandi,Berri
792,Mesa,957 welch lane,Sarandi,Gay
796,Lavarropas,5479 starling way,Sarandi,Bennett
809,Sillon,6 reindahl road,Sarandi,Benny
813,Aire acondicionado,65 lake view parkway,Sarandi,Laurene
816,Cocina,03581 bluejay lane,Sarandi,Alexis
820,Pava,5533 clyde gallagher street,Sarandi,Berri
825,Lavarropas,8972 acker drive,Sarandi,Nathaniel
827,Plancha,6182 russell drive,Sarandi,Laurel
843,Televisor,12 red cloud street,Sarandi,Eydie
846,Televisor,4 5th hill,Sarandi,Thedric
848,Plancha,9 manley crossing,Sarandi,Noella
851,Mesa,43 charing cross junction,Sarandi,Othelia
855,Silla,38135 lawn parkway,Sarandi,Gussie
858,Televisor,5350 mcbride way,Sarandi,Benni
863,Pava,2 bluejay point,Sarandi,Valene
866,Mesa,693 saint paul center,Sarandi,Reggis
867,Aire acondicionado,70 monument way,Sarandi,Marylou
873,Silla,34 warner parkway,Sarandi,Clayborne
874,Plancha,644 village green alley,Sarandi,Eddy
877,Aire acondicionado,959 trailsway circle,Sarandi,Brice
879,Aire acondicionado,79700 carpenter way,Sarandi,Corrine
884,Mesa,951 stephen lane,Sarandi,Nance
887,Secarropas,09 hanover road,Sarandi,Marji
892,Televisor,60 marquette drive,Sarandi,Ashely
903,Pava,8920 summerview trail,Sarandi,Korney
917,Plancha,3 moose terrace,Sarandi,Giovanni
937,Mesa,83707 swallow circle,Sarandi,Irina
952,Mesa,1657 bunker hill alley,Sarandi,Adelina
969,Silla,33 summerview crossing,Sarandi,Reta
971,Lavarropas,7068 mendota avenue,Sarandi,Kit
981,Lavarropas,36930 bashford place,Sarandi,Alistair
986,Lavarropas,1 mitchell way,Sarandi,Bree
992,Pava,925 bowman point,Sarandi,Diana
1000,Televisor,17 old gate lane,Sarandi,Orton
